quantile	downloads	visitors	countries	days
0.0	0.0	0.0	0.0	0.0
0.01	0.0	0.0	0.0	0.0
0.02	0.0	0.0	0.0	0.0
0.03	0.0	0.0	0.0	0.0
0.04	0.0	0.0	0.0	0.0
0.05	0.0	0.0	0.0	0.0
0.06	0.0	0.0	0.0	0.0
0.07	0.0	0.0	0.0	0.0
0.08	0.0	0.0	0.0	0.0
0.09	0.0	0.0	0.0	0.0
0.1	0.0	0.0	0.0	0.0
0.11	0.0	0.0	0.0	0.0
0.12	0.0	0.0	0.0	0.0
0.13	0.0	0.0	0.0	0.0
0.14	0.0	0.0	0.0	0.0
0.15	0.0	0.0	0.0	0.0
0.16	0.0	0.0	0.0	0.0
0.17	0.0	0.0	0.0	0.0
0.18	0.0	0.0	0.0	0.0
0.19	0.0	0.0	0.0	0.0
0.2	0.0	0.0	0.0	0.0
0.21	0.0	0.0	0.0	0.0
0.22	0.0	0.0	0.0	0.0
0.23	0.0	0.0	0.0	0.0
0.24	0.0	0.0	0.0	0.0
0.25	0.0	0.0	0.0	0.0
0.26	0.0	0.0	0.0	0.0
0.27	0.0	0.0	0.0	0.0
0.28	0.0	0.0	0.0	0.0
0.29	0.0	0.0	0.0	0.0
0.3	0.0	0.0	0.0	0.0
0.31	0.0	0.0	0.0	0.0
0.32	0.0	0.0	0.0	0.0
0.33	0.0	0.0	0.0	0.0
0.34	0.0	0.0	0.0	0.0
0.35	0.0	0.0	0.0	0.0
0.36	0.0	0.0	0.0	0.0
0.37	0.0	0.0	0.0	0.0
0.38	0.0	0.0	0.0	0.0
0.39	0.0	0.0	0.0	0.0
0.4	0.0	0.0	0.0	0.0
0.41	0.0	0.0	0.0	0.0
0.42	0.0	0.0	0.0	0.0
0.43	0.06	0.06	0.06	0.06
0.44	0.48	0.48	0.48	0.48
0.45	0.9	0.9	0.9	0.9
0.46	1.0	1.0	1.0	1.0
0.47	1.0	1.0	1.0	1.0
0.48	1.0	1.0	1.0	1.0
0.49	1.0	1.0	1.0	1.0
0.5	1.0	1.0	1.0	1.0
0.51	1.0	1.0	1.0	1.0
0.52	1.0	1.0	1.0	1.0
0.53	1.26	1.0	1.0	1.0
0.54	1.68	1.0	1.0	1.0
0.55	2.0	1.0	1.0	1.0
0.56	2.0	1.0	1.0	1.0
0.57	2.0	1.0	1.0	1.0
0.58	2.0	1.36	1.0	1.0
0.59	2.0	1.78	1.0	1.0
0.6	2.0	2.0	1.0	1.0
0.61	2.0	2.0	1.0	1.0
0.62	2.0	2.0	1.0	1.04
0.63	2.0	2.0	1.0	1.46
0.64	2.0	2.0	1.0	1.88
0.65	2.0	2.0	1.3	2.0
0.66	2.0	2.0	1.72	2.0
0.67	2.0	2.0	2.0	2.0
0.68	2.0	2.0	2.0	2.0
0.69	2.0	2.0	2.0	2.0
0.7	2.0	2.0	2.0	2.0
0.71	2.0	2.0	2.0	2.0
0.72	2.0	2.0	2.0	2.0
0.73	2.0	2.0	2.0	2.0
0.74	2.0	2.0	2.0	2.0
0.75	2.0	2.0	2.0	2.0
0.76	2.0	2.0	2.0	2.0
0.77	2.34	2.34	2.0	2.0
0.78	2.76	2.76	2.0	2.0
0.79	3.0	3.0	2.0	2.18
0.8	3.0	3.0	2.0	2.6
0.81	3.02	3.0	2.0	3.0
0.82	3.44	3.0	2.0	3.0
0.83	3.86	3.0	2.0	3.0
0.84	4.0	3.28	2.0	3.0
0.85	4.0	3.7	2.0	3.0
0.86	4.12	4.0	2.12	3.12
0.87	4.54	4.0	2.54	3.54
0.88	4.96	4.0	2.96	3.96
0.89	5.38	4.38	3.0	4.0
0.9	5.8	4.8	3.0	4.0
0.91	6.0	5.0	3.0	4.22
0.92	6.0	5.0	3.0	4.64
0.93	6.06	5.12	3.12	5.06
0.94	6.48	5.96	3.96	5.48
0.95	6.9	6.8	4.8	5.9
0.96	7.96	7.96	5.0	6.32
0.97	9.22	9.22	5.0	6.74
0.98	11.6	10.96	5.48	7.0
0.99	15.8	13.48	6.74	7.0
1.0	20.0	16.0	8.0	7.0
