year	open_access	scihub	crossref	scihub_journals	crossref_journals
1986	1	0	18	0	1
1987	1	0	25	0	1
1988	1	0	28	0	1
1989	1	0	29	0	1
1990	1	0	27	0	1
1991	1	0	31	0	1
1992	1	0	39	0	1
1993	1	0	36	0	1
1994	1	0	26	0	1
1995	1	0	29	0	1
1996	1	0	46	0	1
1997	1	0	57	0	1
1998	1	0	54	0	1
1999	1	0	49	0	1
2000	1	0	45	0	1
2001	1	0	43	0	1
2002	1	0	54	0	1
2003	1	0	58	0	1
2004	1	0	67	0	1
2005	1	0	81	0	1
2006	1	0	88	0	1
2007	1	1	90	1	1
2008	1	1	113	1	1
2009	1	0	118	0	1
2010	1	0	110	0	1
2011	1	4	124	1	1
2012	1	0	108	0	1
2013	1	1	93	1	1
2014	1	1	128	1	1
2015	1	2	96	1	1
2016	1	0	90	0	1
2017	1	0	13	0	1
